Workbook

Sheet Start_Here
A1: Digital Payments Research | Excel Skills Portfolio
A3: Purpose | B3: Use your existing China–India digital-payment survey to practise Excel and create evidence for a skills portfolio.
A4: Important | B4: This workbook is a learning/reproducibility aid. It does not award an official course certificate.
A5: Data source | B5: Survey_Data is copied from the Clean_Data sheet in your earlier analysis workbook. The analysis sample contains 88 rows.
A6: How to use | B6: Start with Dashboard, then complete the tasks in Excel_Practice. Use Excel desktop or a compatible spreadsheet app where possible.
A7: Formula note | B7: Green columns are calculated/reversed score columns from the source workbook. Some spreadsheet apps may need to recalculate formulas when opened.
A8: Research caution | B8: The survey is a convenience sample. Report associations, not causation, and do not describe the sample as representative of all students in China or India.
A9: Portfolio evidence | B9: Keep this workbook, screenshots of your completed practice tasks, a short written interpretation, and your Python notebook as separate evidence.
A10: Status | B10: Excel_Practice tasks and Skills_Log are practice material for the workbook owner. A task is marked "Yes" only when it has actually been done; treat anything still marked "No" or "Not started" as not yet completed.

Sheet Survey_Data
A1: Original row # | B1: Date | C1: Age range | D1: Gender | E1: Country | F1: Field of study (as entered) | G1: Field group | H1: Q1 Saves time vs cash | I1: Q2 Improves money mgmt | J1: Q3 More convenient | K1: Q4 Easy to learn | L1: Q5 Simple to navigate | M1: Q6 Little effort per transaction | N1: Usage frequency | O1: Frequency score (1-5) | P1: Q7 Trust platforms | Q1: Q8 Peers influence me | R1: Q9 Norm in my social circle | S1: Q10 Data is protected | T1: Q11 Intend to continue | U1: Q12 Recommend to others | V1: Q13 Confident errors resolved | W1: Q14 Worry losing money | X1: Q15 Worry fraud | Y1: Q16 Hesitate on large transactions | Z1: Q14 reversed | AA1: Q15 reversed | AB1: Q16 reversed | AC1: Usefulness_Score | AD1: EaseOfUse_Score | AE1: Trust_Score | AF1: SocialInfluence_Score | AG1: Intention_Score | AH1: Risk_Score | AI1: Same-batch flag (29/09 18:39-18:46) | AJ1: Identical to an earlier row
A2: 9 | B2: 46293 | C2: 21–23 | D2: Female | E2: China | F2: Commerce | G2: Business & Economics | H2: 3 | I2: 4 | J2: 3 | K2: 4 | L2: 2 | M2: 3 | N2: Rarely | O2: =IF(N2="Never",1,IF(N2="Rarely",2,IF(N2="Monthly",3,IF(N2="Weekly",4,5)))) -> 2 | P2: 2 | Q2: 2 | R2: 2 | S2: 2 | T2: 3 | U2: 3 | V2: 3 | W2: 5 | X2: 4 | Y2: 5 | Z2: =6-W2 -> 1 | AA2: =6-X2 -> 2 | AB2: =6-Y2 -> 1 | AC2: =AVERAGE(H2:J2) -> 3.3333333 | AD2: =AVERAGE(K2:M2) -> 3 | AE2: =AVERAGE(P2,S2,V2) -> 2.3333333 | AF2: =AVERAGE(Q2,R2) -> 2 | AG2: =AVERAGE(T2,U2) -> 3 | AH2: =AVERAGE(W2:Y2) -> 4.6666667 | AI2: No | AJ2: No
A3: 10 | B3: 46293 | C3: 24 and above | D3: Male | E3: China | F3: Computer Science | G3: Tech & Engineering | H3: 4 | I3: 4 | J3: 4 | K3: 4 | L3: 4 | M3: 4 | N3: Daily | O3: =IF(N3="Never",1,IF(N3="Rarely",2,IF(N3="Monthly",3,IF(N3="Weekly",4,5)))) -> 5 | P3: 4 | Q3: 4 | R3: 4 | S3: 4 | T3: 4 | U3: 4 | V3: 4 | W3: 1 | X3: 1 | Y3: 1 | Z3: =6-W3 -> 5 | AA3: =6-X3 -> 5 | AB3: =6-Y3 -> 5 | AC3: =AVERAGE(H3:J3) -> 4 | AD3: =AVERAGE(K3:M3) -> 4 | AE3: =AVERAGE(P3,S3,V3) -> 4 | AF3: =AVERAGE(Q3,R3) -> 4 | AG3: =AVERAGE(T3,U3) -> 4 | AH3: =AVERAGE(W3:Y3) -> 1 | AI3: No | AJ3: No
A4: 11 | B4: 46293 | C4: 24 and above | D4: Male | E4: China | F4: Finance | G4: Business & Economics | H4: 3 | I4: 3 | J4: 3 | K4: 3 | L4: 3 | M4: 3 | N4: Weekly | O4: =IF(N4="Never",1,IF(N4="Rarely",2,IF(N4="Monthly",3,IF(N4="Weekly",4,5)))) -> 4 | P4: 3 | Q4: 3 | R4: 3 | S4: 3 | T4: 3 | U4: 3 | V4: 3 | W4: 2 | X4: 2 | Y4: 2 | Z4: =6-W4 -> 4 | AA4: =6-X4 -> 4 | AB4: =6-Y4 -> 4 | AC4: =AVERAGE(H4:J4) -> 3 | AD4: =AVERAGE(K4:M4) -> 3 | AE4: =AVERAGE(P4,S4,V4) -> 3 | AF4: =AVERAGE(Q4,R4) -> 3 | AG4: =AVERAGE(T4,U4) -> 3 | AH4: =AVERAGE(W4:Y4) -> 2 | AI4: No | AJ4: No
A5: 12 | B5: 46293 | C5: 24 and above | D5: Female | E5: China | F5: Medical | G5: Medical & Health | H5: 5 | I5: 5 | J5: 5 | K5: 5 | L5: 5 | M5: 5 | N5: Daily | O5: =IF(N5="Never",1,IF(N5="Rarely",2,IF(N5="Monthly",3,IF(N5="Weekly",4,5)))) -> 5 | P5: 5 | Q5: 5 | R5: 5 | S5: 5 | T5: 5 | U5: 5 | V5: 5 | W5: 1 | X5: 1 | Y5: 1 | Z5: =6-W5 -> 5 | AA5: =6-X5 -> 5 | AB5: =6-Y5 -> 5 | AC5: =AVERAGE(H5:J5) -> 5 | AD5: =AVERAGE(K5:M5) -> 5 | AE5: =AVERAGE(P5,S5,V5) -> 5 | AF5: =AVERAGE(Q5,R5) -> 5 | AG5: =AVERAGE(T5,U5) -> 5 | AH5: =AVERAGE(W5:Y5) -> 1 | AI5: No | AJ5: No
A6: 14 | B6: 46293 | C6: 21–23 | D6: Female | E6: China | F6: Arts | G6: Arts & Humanities | H6: 1 | I6: 1 | J6: 1 | K6: 1 | L6: 1 | M6: 1 | N6: Never | O6: =IF(N6="Never",1,IF(N6="Rarely",2,IF(N6="Monthly",3,IF(N6="Weekly",4,5)))) -> 1 | P6: 1 | Q6: 1 | R6: 1 | S6: 1 | T6: 1 | U6: 1 | V6: 1 | W6: 5 | X6: 5 | Y6: 5 | Z6: =6-W6 -> 1 | AA6: =6-X6 -> 1 | AB6: =6-Y6 -> 1 | AC6: =AVERAGE(H6:J6) -> 1 | AD6: =AVERAGE(K6:M6) -> 1 | AE6: =AVERAGE(P6,S6,V6) -> 1 | AF6: =AVERAGE(Q6,R6) -> 1 | AG6: =AVERAGE(T6,U6) -> 1 | AH6: =AVERAGE(W6:Y6) -> 5 | AI6: No | AJ6: No
A7: 16 | B7: 46293 | C7: 21–23 | D7: Female | E7: China | F7: Digital Science | G7: Tech & Engineering | H7: 5 | I7: 4 | J7: 5 | K7: 4 | L7: 5 | M7: 4 | N7: Weekly | O7: =IF(N7="Never",1,IF(N7="Rarely",2,IF(N7="Monthly",3,IF(N7="Weekly",4,5)))) -> 4 | P7: 5 | Q7: 4 | R7: 4 | S7: 5 | T7: 4 | U7: 5 | V7: 4 | W7: 3 | X7: 2 | Y7: 3 | Z7: =6-W7 -> 3 | AA7: =6-X7 -> 4 | AB7: =6-Y7 -> 3 | AC7: =AVERAGE(H7:J7) -> 4.6666667 | AD7: =AVERAGE(K7:M7) -> 4.3333333 | AE7: =AVERAGE(P7,S7,V7) -> 4.6666667 | AF7: =AVERAGE(Q7,R7) -> 4 | AG7: =AVERAGE(T7,U7) -> 4.5 | AH7: =AVERAGE(W7:Y7) -> 2.6666667 | AI7: No | AJ7: No
A8: 17 | B8: 46293 | C8: 21–23 | D8: Male | E8: China | F8: Business | G8: Business & Economics | H8: 4 | I8: 3 | J8: 4 | K8: 3 | L8: 4 | M8: 3 | N8: Monthly | O8: =IF(N8="Never",1,IF(N8="Rarely",2,IF(N8="Monthly",3,IF(N8="Weekly",4,5)))) -> 3 | P8: 3 | Q8: 4 | R8: 3 | S8: 4 | T8: 4 | U8: 4 | V8: 4 | W8: 3 | X8: 2 | Y8: 3 | Z8: =6-W8 -> 3 | AA8: =6-X8 -> 4 | AB8: =6-Y8 -> 3 | AC8: =AVERAGE(H8:J8) -> 3.6666667 | AD8: =AVERAGE(K8:M8) -> 3.3333333 | AE8: =AVERAGE(P8,S8,V8) -> 3.6666667 | AF8: =AVERAGE(Q8,R8) -> 3.5 | AG8: =AVERAGE(T8,U8) -> 4 | AH8: =AVERAGE(W8:Y8) -> 2.6666667 | AI8: No | AJ8: No
A9: 19 | B9: 46293 | C9: 24 and above | D9: Female | E9: China | F9: Computer Science | G9: Tech & Engineering | H9: 5 | I9: 5 | J9: 5 | K9: 5 | L9: 5 | M9: 5 | N9: Daily | O9: =IF(N9="Never",1,IF(N9="Rarely",2,IF(N9="Monthly",3,IF(N9="Weekly",4,5)))) -> 5 | P9: 5 | Q9: 5 | R9: 5 | S9: 5 | T9: 5 | U9: 5 | V9: 5 | W9: 1 | X9: 1 | Y9: 1 | Z9: =6-W9 -> 5 | AA9: =6-X9 -> 5 | AB9: =6-Y9 -> 5 | AC9: =AVERAGE(H9:J9) -> 5 | AD9: =AVERAGE(K9:M9) -> 5 | AE9: =AVERAGE(P9,S9,V9) -> 5 | AF9: =AVERAGE(Q9,R9) -> 5 | AG9: =AVERAGE(T9,U9) -> 5 | AH9: =AVERAGE(W9:Y9) -> 1 | AI9: No | AJ9: No
A10: 20 | B10: 46293 | C10: 18–20 | D10: Male | E10: China | F10: Finance | G10: Business & Economics | H10: 4 | I10: 4 | J10: 4 | K10: 4 | L10: 4 | M10: 4 | N10: Weekly | O10: =IF(N10="Never",1,IF(N10="Rarely",2,IF(N10="Monthly",3,IF(N10="Weekly",4,5)))) -> 4 | P10: 4 | Q10: 4 | R10: 4 | S10: 4 | T10: 4 | U10: 4 | V10: 4 | W10: 4 | X10: 2 | Y10: 2 | Z10: =6-W10 -> 2 | AA10: =6-X10 -> 4 | AB10: =6-Y10 -> 4 | AC10: =AVERAGE(H10:J10) -> 4 | AD10: =AVERAGE(K10:M10) -> 4 | AE10: =AVERAGE(P10,S10,V10) -> 4 | AF10: =AVERAGE(Q10,R10) -> 4 | AG10: =AVERAGE(T10,U10) -> 4 | AH10: =AVERAGE(W10:Y10) -> 2.6666667 | AI10: No | AJ10: No
A11: 21 | B11: 46293 | C11: 21–23 | D11: Female | E11: China | F11: Economics | G11: Business & Economics | H11: 3 | I11: 3 | J11: 3 | K11: 3 | L11: 3 | M11: 3 | N11: Monthly | O11: =IF(N11="Never",1,IF(N11="Rarely",2,IF(N11="Monthly",3,IF(N11="Weekly",4,5)))) -> 3 | P11: 3 | Q11: 3 | R11: 3 | S11: 3 | T11: 3 | U11: 3 | V11: 3 | W11: 2 | X11: 2 | Y11: 2 | Z11: =6-W11 -> 4 | AA11: =6-X11 -> 4 | AB11: =6-Y11 -> 4 | AC11: =AVERAGE(H11:J11) -> 3 | AD11: =AVERAGE(K11:M11) -> 3 | AE11: =AVERAGE(P11,S11,V11) -> 3 | AF11: =AVERAGE(Q11,R11) -> 3 | AG11: =AVERAGE(T11,U11) -> 3 | AH11: =AVERAGE(W11:Y11) -> 2 | AI11: No | AJ11: No
A12: 22 | B12: 46293 | C12: 24 and above | D12: Female | E12: China | F12: Business | G12: Business & Economics | H12: 4 | I12: 4 | J12: 4 | K12: 4 | L12: 4 | M12: 4 | N12: Weekly | O12: =IF(N12="Never",1,IF(N12="Rarely",2,IF(N12="Monthly",3,IF(N12="Weekly",4,5)))) -> 4 | P12: 4 | Q12: 4 | R12: 4 | S12: 4 | T12: 4 | U12: 4 | V12: 4 | W12: 1 | X12: 1 | Y12: 1 | Z12: =6-W12 -> 5 | AA12: =6-X12 -> 5 | AB12: =6-Y12 -> 5 | AC12: =AVERAGE(H12:J12) -> 4 | AD12: =AVERAGE(K12:M12) -> 4 | AE12: =AVERAGE(P12,S12,V12) -> 4 | AF12: =AVERAGE(Q12,R12) -> 4 | AG12: =AVERAGE(T12,U12) -> 4 | AH12: =AVERAGE(W12:Y12) -> 1 | AI12: No | AJ12: No
A13: 23 | B13: 46293 | C13: 24 and above | D13: Female | E13: China | F13: Computer science | G13: Tech & Engineering | H13: 3 | I13: 3 | J13: 3 | K13: 3 | L13: 3 | M13: 3 | N13: Monthly | O13: =IF(N13="Never",1,IF(N13="Rarely",2,IF(N13="Monthly",3,IF(N13="Weekly",4,5)))) -> 3 | P13: 3 | Q13: 3 | R13: 3 | S13: 3 | T13: 3 | U13: 3 | V13: 3 | W13: 2 | X13: 2 | Y13: 2 | Z13: =6-W13 -> 4 | AA13: =6-X13 -> 4 | AB13: =6-Y13 -> 4 | AC13: =AVERAGE(H13:J13) -> 3 | AD13: =AVERAGE(K13:M13) -> 3 | AE13: =AVERAGE(P13,S13,V13) -> 3 | AF13: =AVERAGE(Q13,R13) -> 3 | AG13: =AVERAGE(T13,U13) -> 3 | AH13: =AVERAGE(W13:Y13) -> 2 | AI13: No | AJ13: No
... A89: 1 | B89: 46293 | C89: 24 and above | D89: Male | E89: Not stated | F89: Not stated | G89: Not stated | H89: 4 | I89: 5 | J89: 4 | K89: 5 | L89: 3 | M89: 4 | N89: Daily | O89: =IF(N89="Never",1,IF(N89="Rarely",2,IF(N89="Monthly",3,IF(N89="Weekly",4,5)))) -> 5 | P89: 5 | Q89: 3 | R89: 4 | S89: 5 | T89: 5 | U89: 4 | V89: 5 | W89: 5 | X89: 5 | Y89: 4 | Z89: =6-W89 -> 1 | AA89: =6-X89 -> 1 | AB89: =6-Y89 -> 2 | AC89: =AVERAGE(H89:J89) -> 4.3333333 | AD89: =AVERAGE(K89:M89) -> 4 | AE89: =AVERAGE(P89,S89,V89) -> 5 | AF89: =AVERAGE(Q89,R89) -> 3.5 | AG89: =AVERAGE(T89,U89) -> 4.5 | AH89: =AVERAGE(W89:Y89) -> 4.6666667 | AI89: No | AJ89: No

Sheet Dashboard
A1: Survey Snapshot Dashboard
A3: Indicator | B3: Value | D3: Construct | E3: Mean score
A4: Analysis sample size | B4: =COUNTA(Survey_Data!A2:A89) -> 88 | D4: Usefulness | E4: =AVERAGE(Survey_Data!AC2:AC89) -> 3.9772727
A5: China respondents | B5: =COUNTIF(Survey_Data!E2:E89,"China") -> 54 | D5: Ease of use | E5: =AVERAGE(Survey_Data!AD2:AD89) -> 4.0643939
A6: India respondents | B6: =COUNTIF(Survey_Data!E2:E89,"India") -> 32 | D6: Trust | E6: =AVERAGE(Survey_Data!AE2:AE89) -> 4.0340909
A7: Average usefulness score | B7: =AVERAGE(Survey_Data!AC2:AC89) -> 3.9772727 | D7: Social influence | E7: =AVERAGE(Survey_Data!AF2:AF89) -> 3.9090909
A8: Average ease-of-use score | B8: =AVERAGE(Survey_Data!AD2:AD89) -> 4.0643939 | D8: Intention | E8: =AVERAGE(Survey_Data!AG2:AG89) -> 4.0965909
A9: Average trust score | B9: =AVERAGE(Survey_Data!AE2:AE89) -> 4.0340909 | D9: Perceived risk | E9: =AVERAGE(Survey_Data!AH2:AH89) -> 2.594697
A10: Average social influence score | B10: =AVERAGE(Survey_Data!AF2:AF89) -> 3.9090909
A11: Average intention score | B11: =AVERAGE(Survey_Data!AG2:AG89) -> 4.0965909
A12: Average perceived risk score | B12: =AVERAGE(Survey_Data!AH2:AH89) -> 2.594697
A15: Interpretation reminder:
A16: These descriptive averages summarise this sample only; they do not establish cause and effect.

Sheet Excel_Practice
A1: Excel Practice Tasks
A3: Task | B3: Skill | C3: What to do | D3: Formula / tool hint | E3: Your result | F3: Completed?
A4: 1 | B4: COUNTA | C4: Count the number of records in the cleaned survey sample. | D4: =COUNTA(Survey_Data!A2:A89) -> 88 | F4: No
A5: 2 | B5: COUNTIF | C5: Count how many respondents are studying in India. | D5: =COUNTIF(Survey_Data!E2:E89,"India") -> 32 | F5: No
A6: 3 | B6: AVERAGE | C6: Calculate the mean usefulness score. | D6: =AVERAGE(Survey_Data!AC2:AC89) -> 3.9772727 | F6: No
A7: 4 | B7: AVERAGEIF | C7: Calculate the mean intention score for China only. | D7: =AVERAGEIF(Survey_Data!E2:E89,"China",Survey_Data!AG2:AG89) -> 4.0555556 | F7: No
A8: 5 | B8: IF | C8: Create a new practice column that labels intention scores >= 4 as High, otherwise Other. | D8: =IF(AG2>=4,"High","Other") -> Other | F8: No
A9: 6 | B9: Sort & Filter | C9: Filter Country to China, then India; note the row counts. | D9: Data → Filter | F9: No
A10: 7 | B10: Chart | C10: Create a column/bar chart from Dashboard's construct means. | D10: Select Dashboard D3:E9 → Insert Chart | F10: No
A11: 8 | B11: Conditional Formatting | C11: Apply a 1–5 colour scale to the construct score columns. | D11: Home → Conditional Formatting | F11: No
A12: 9 | B12: Data Quality | C12: Check blank demographic fields and the batch/duplicate flags before interpreting results. | D12: Filter the relevant columns | F12: No
A13: 10 | B13: Explain | C13: Write two sentences describing the highest and lowest mean scores without claiming causation. | D13: Use Dashboard values | F13: No

Sheet Method_Notes
A1: Research Method Notes (from source workbook)
A3: METHOD NOTES (for the paper)
A4: Sample: 100 responses exported. 5 removed as incomplete, 7 removed as straight-lined (identical rating on all 16 items) leaving the analysis sample on Clean_Data. No answers were edited or imputed.
A5: Batch check: 4 retained responses fall inside the same 29/09 18:39-18:46 window as 7 removed straight-lined responses (a rapid submission cluster). They are flagged in the 'Same-batch flag' column. Filter that column to repeat any analysis without them and compare both results before deciding what to report. Exact submission times were removed from this public file for privacy.
A6: Constructs (mean of items): Usefulness = Q1-Q3; Ease of use = Q4-Q6; Trust = Q7, Q10, Q13; Social influence = Q8, Q9; Intention = Q11, Q12; Perceived risk = Q14-Q16 (higher = more concern).
A7: Reverse-coded copies of Q14-Q16 (6 minus score) are in green columns for use if you build a single positive-direction index. The Risk score itself is NOT reverse-coded.
A8: Usage frequency scored Never=1, Rarely=2, Monthly=3, Weekly=4, Daily=5 (not used in the construct scores).
A9: Tests: Welch t-test (two-tailed) for China vs India; Pearson r for associations with intention; Cronbach alpha for reliability. Alpha level .05.
A10: Field group is a grouping made for description only (e.g. Chemical, Mechanical, Btech = Tech & Engineering; CA intermediate = Business). One entry is cut off in the source export and is Other / unclear.
A11: LIMITATIONS to state: convenience sample; self-reported attitudes; almost all respondents are from China and India (Indonesia n=1, Germany response removed as incomplete), so this is a China-India comparison, not a global one; the sample is strongly positive about digital payments (ceiling effects, little variance), which inflates correlations; some constructs have only 2 items; cross-sectional data show association, not causation; with these group sizes only moderate-to-large differences are detectable, so a non-significant result does not show no difference.
A12: Respondents with missing country (1) or gender (2) are kept and shown as Not stated.

Sheet Skills_Log
A1: Skills Progress Log
A3: Skill | B3: Evidence to save | C3: Status | D3: Date completed | E3: Notes / what I learned
A4: Excel | B4: Completed Excel_Practice tasks + workbook screenshot | C4: In progress
A5: Statistics | B5: One-page interpretation of descriptive stats/correlation/regression from paper | C5: Not started
A6: Python | B6: Notebook that imports data and reproduces descriptive analysis | C6: Not started
A7: Research Methods | B7: One-page summary of design, sample, measures, limitations | C7: Not started
A8: Power BI / alternative | B8: Dashboard screenshot or documented compatible alternative | C8: Not started
